,train,validation,test
R2,-0.00088477135,-0.0007647276,-0.00024676323
MAE,65.38136,63.067623,66.45439
MSE,5445.2476,5184.7305,5584.365
