,train,validation,test
R2,-0.0017949343,-0.0016587973,-0.00081658363
MAE,65.396484,63.09857,66.462524
MSE,5450.1987,5189.363,5587.5464
