,train,validation,test
R2,0.92116654,0.91910803,0.9254149
MAE,0.05085141,0.051177338,0.050722558
MSE,0.004093235,0.0039996514,0.0039741206
