,train,validation,test
R2,0.99995834,0.9999607,0.99995726
MAE,0.0013832188,0.0013743468,0.0013995183
MSE,3.5819967e-06,3.6017277e-06,3.8191074e-06
